Commit for Mon Jul 21 14:29:42 UTC 2025
Commit for Tue Jul 22 13:32:31 UTC 2025
Commit for Wed Jul 23 13:32:44 UTC 2025
Commit for Thu Jul 24 13:32:26 UTC 2025
Commit for Fri Jul 25 13:30:36 UTC 2025
Commit for Sat Jul 26 13:23:59 UTC 2025
Commit for Sun Jul 27 13:25:15 UTC 2025
Commit for Mon Jul 28 13:33:46 UTC 2025
Commit for Tue Jul 29 13:34:45 UTC 2025
Commit for Wed Jul 30 13:34:29 UTC 2025
Commit for Thu Jul 31 13:32:41 UTC 2025
Commit for Fri Aug  1 13:32:07 UTC 2025
Commit for Sat Aug  2 13:24:52 UTC 2025
Commit for Sun Aug  3 13:27:04 UTC 2025
Commit for Mon Aug  4 13:35:51 UTC 2025
Commit for Tue Aug  5 13:35:38 UTC 2025
Commit for Wed Aug  6 13:36:21 UTC 2025
Commit for Thu Aug  7 13:35:03 UTC 2025
Commit for Fri Aug  8 13:32:56 UTC 2025
Commit for Sat Aug  9 13:23:10 UTC 2025
Commit for Sun Aug 10 13:23:37 UTC 2025
Commit for Mon Aug 11 13:32:00 UTC 2025
Commit for Tue Aug 12 13:28:29 UTC 2025
Commit for Wed Aug 13 13:29:31 UTC 2025
Commit for Thu Aug 14 13:30:12 UTC 2025
Commit for Fri Aug 15 13:24:59 UTC 2025
Commit for Sat Aug 16 13:21:05 UTC 2025
Commit for Sun Aug 17 13:21:39 UTC 2025
Commit for Mon Aug 18 13:30:09 UTC 2025
Commit for Tue Aug 19 13:23:30 UTC 2025
Commit for Wed Aug 20 13:24:46 UTC 2025
Commit for Thu Aug 21 13:23:58 UTC 2025
Commit for Fri Aug 22 13:22:19 UTC 2025
Commit for Sat Aug 23 13:18:39 UTC 2025
Commit for Sun Aug 24 13:19:17 UTC 2025
Commit for Mon Aug 25 13:25:03 UTC 2025
Commit for Tue Aug 26 13:26:38 UTC 2025
Commit for Wed Aug 27 13:21:54 UTC 2025
Commit for Thu Aug 28 13:22:48 UTC 2025
Commit for Fri Aug 29 13:20:54 UTC 2025
Commit for Sat Aug 30 13:16:42 UTC 2025
Commit for Sun Aug 31 13:17:19 UTC 2025
Commit for Mon Sep  1 13:22:46 UTC 2025
Commit for Tue Sep  2 13:23:42 UTC 2025
Commit for Wed Sep  3 13:21:05 UTC 2025
Commit for Thu Sep  4 13:20:18 UTC 2025
Commit for Fri Sep  5 13:20:20 UTC 2025
Commit for Sat Sep  6 13:14:27 UTC 2025
Commit for Sun Sep  7 13:14:59 UTC 2025
Commit for Mon Sep  8 13:24:00 UTC 2025
Commit for Tue Sep  9 13:25:00 UTC 2025
Commit for Wed Sep 10 13:20:15 UTC 2025
Commit for Thu Sep 11 13:17:25 UTC 2025
Commit for Fri Sep 12 13:19:14 UTC 2025
Commit for Sat Sep 13 13:14:42 UTC 2025
Commit for Sun Sep 14 13:13:42 UTC 2025
Commit for Mon Sep 15 13:21:19 UTC 2025
Commit for Tue Sep 16 13:22:00 UTC 2025
Commit for Wed Sep 17 13:20:53 UTC 2025
Commit for Thu Sep 18 13:21:13 UTC 2025
Commit for Fri Sep 19 13:20:56 UTC 2025
Commit for Sat Sep 20 13:16:18 UTC 2025
Commit for Sun Sep 21 13:16:17 UTC 2025
Commit for Mon Sep 22 13:22:56 UTC 2025
Commit for Tue Sep 23 13:21:54 UTC 2025
Commit for Wed Sep 24 13:21:57 UTC 2025
Commit for Thu Sep 25 13:23:14 UTC 2025
Commit for Fri Sep 26 13:21:18 UTC 2025
Commit for Sat Sep 27 13:15:17 UTC 2025
Commit for Sun Sep 28 13:15:51 UTC 2025
Commit for Mon Sep 29 13:23:32 UTC 2025
Commit for Tue Sep 30 13:23:29 UTC 2025
Commit for Wed Oct  1 13:23:30 UTC 2025
Commit for Thu Oct  2 13:20:43 UTC 2025
Commit for Fri Oct  3 13:19:31 UTC 2025
Commit for Sat Oct  4 13:15:10 UTC 2025
Commit for Sun Oct  5 13:15:38 UTC 2025
Commit for Mon Oct  6 13:22:32 UTC 2025
Commit for Tue Oct  7 13:23:02 UTC 2025
Commit for Wed Oct  8 13:23:27 UTC 2025
Commit for Thu Oct  9 13:24:18 UTC 2025
Commit for Fri Oct 10 13:21:42 UTC 2025
Commit for Sat Oct 11 13:15:29 UTC 2025
Commit for Sun Oct 12 13:16:08 UTC 2025
Commit for Mon Oct 13 13:24:17 UTC 2025
Commit for Tue Oct 14 13:24:40 UTC 2025
Commit for Wed Oct 15 13:25:58 UTC 2025
Commit for Thu Oct 16 13:25:10 UTC 2025
Commit for Fri Oct 17 13:21:43 UTC 2025
Commit for Sat Oct 18 13:16:36 UTC 2025
Commit for Sun Oct 19 13:17:07 UTC 2025
Commit for Mon Oct 20 13:23:39 UTC 2025
Commit for Tue Oct 21 13:27:40 UTC 2025
Commit for Wed Oct 22 13:27:17 UTC 2025
Commit for Thu Oct 23 13:26:13 UTC 2025
Commit for Fri Oct 24 13:24:44 UTC 2025
Commit for Sat Oct 25 13:16:55 UTC 2025
Commit for Sun Oct 26 13:17:24 UTC 2025
Commit for Mon Oct 27 13:26:01 UTC 2025
Commit for Tue Oct 28 13:24:31 UTC 2025
Commit for Wed Oct 29 13:27:08 UTC 2025
Commit for Thu Oct 30 13:25:18 UTC 2025
Commit for Fri Oct 31 13:24:20 UTC 2025
Commit for Sat Nov  1 13:17:27 UTC 2025
Commit for Sun Nov  2 13:16:50 UTC 2025
Commit for Mon Nov  3 13:24:51 UTC 2025
Commit for Tue Nov  4 13:28:12 UTC 2025
Commit for Wed Nov  5 13:26:12 UTC 2025
Commit for Thu Nov  6 13:25:44 UTC 2025
Commit for Fri Nov  7 13:22:25 UTC 2025
Commit for Sat Nov  8 13:17:14 UTC 2025
Commit for Sun Nov  9 13:17:35 UTC 2025
Commit for Mon Nov 10 13:25:39 UTC 2025
Commit for Tue Nov 11 13:24:54 UTC 2025
Commit for Wed Nov 12 13:27:06 UTC 2025
Commit for Thu Nov 13 13:27:02 UTC 2025
Commit for Fri Nov 14 13:24:23 UTC 2025
Commit for Sat Nov 15 13:18:01 UTC 2025
Commit for Sun Nov 16 13:17:45 UTC 2025
Commit for Mon Nov 17 13:26:19 UTC 2025
Commit for Tue Nov 18 13:26:12 UTC 2025
Commit for Wed Nov 19 13:26:13 UTC 2025
Commit for Thu Nov 20 13:24:43 UTC 2025
Commit for Fri Nov 21 13:22:26 UTC 2025
Commit for Sat Nov 22 13:17:36 UTC 2025
Commit for Sun Nov 23 13:17:16 UTC 2025
Commit for Mon Nov 24 13:27:18 UTC 2025
Commit for Tue Nov 25 13:28:02 UTC 2025
Commit for Wed Nov 26 13:28:57 UTC 2025
Commit for Thu Nov 27 13:26:05 UTC 2025
Commit for Fri Nov 28 13:24:51 UTC 2025
Commit for Sat Nov 29 13:20:08 UTC 2025
Commit for Sun Nov 30 13:19:56 UTC 2025
Commit for Mon Dec  1 13:29:27 UTC 2025
Commit for Tue Dec  2 13:30:44 UTC 2025
Commit for Wed Dec  3 13:29:41 UTC 2025
Commit for Thu Dec  4 13:30:21 UTC 2025
Commit for Fri Dec  5 13:26:40 UTC 2025
Commit for Sat Dec  6 13:20:11 UTC 2025
Commit for Sun Dec  7 13:19:04 UTC 2025
Commit for Mon Dec  8 13:29:00 UTC 2025
Commit for Tue Dec  9 13:30:06 UTC 2025
Commit for Wed Dec 10 13:30:57 UTC 2025
Commit for Thu Dec 11 13:32:31 UTC 2025
Commit for Fri Dec 12 13:29:05 UTC 2025
Commit for Sat Dec 13 13:20:58 UTC 2025
Commit for Sun Dec 14 13:21:05 UTC 2025
Commit for Mon Dec 15 13:34:45 UTC 2025
Commit for Tue Dec 16 13:32:33 UTC 2025
Commit for Wed Dec 17 13:28:10 UTC 2025
Commit for Thu Dec 18 13:30:33 UTC 2025
Commit for Fri Dec 19 13:27:12 UTC 2025
Commit for Sat Dec 20 13:21:01 UTC 2025
Commit for Sun Dec 21 13:21:43 UTC 2025
Commit for Mon Dec 22 13:28:19 UTC 2025
Commit for Tue Dec 23 13:29:51 UTC 2025
Commit for Wed Dec 24 13:26:29 UTC 2025
Commit for Thu Dec 25 13:26:27 UTC 2025
Commit for Fri Dec 26 13:27:00 UTC 2025
Commit for Sat Dec 27 13:22:52 UTC 2025
Commit for Sun Dec 28 13:23:41 UTC 2025
Commit for Mon Dec 29 13:31:27 UTC 2025
Commit for Tue Dec 30 13:30:22 UTC 2025
Commit for Wed Dec 31 13:26:41 UTC 2025
Commit for Thu Jan  1 13:28:13 UTC 2026
Commit for Fri Jan  2 13:26:57 UTC 2026
Commit for Sat Jan  3 13:23:22 UTC 2026
Commit for Sun Jan  4 13:24:21 UTC 2026
Commit for Mon Jan  5 13:34:48 UTC 2026
Commit for Tue Jan  6 13:31:21 UTC 2026
Commit for Wed Jan  7 13:33:19 UTC 2026
Commit for Thu Jan  8 13:34:32 UTC 2026
Commit for Fri Jan  9 13:32:13 UTC 2026
Commit for Sat Jan 10 13:23:31 UTC 2026
Commit for Sun Jan 11 13:24:20 UTC 2026
Commit for Mon Jan 12 13:36:09 UTC 2026
Commit for Tue Jan 13 13:34:53 UTC 2026
Commit for Wed Jan 14 13:34:19 UTC 2026
Commit for Thu Jan 15 13:33:44 UTC 2026
Commit for Fri Jan 16 13:31:49 UTC 2026
Commit for Sat Jan 17 13:23:07 UTC 2026
Commit for Sun Jan 18 13:23:02 UTC 2026
Commit for Mon Jan 19 13:38:46 UTC 2026
Commit for Tue Jan 20 13:39:23 UTC 2026
Commit for Wed Jan 21 13:38:24 UTC 2026
Commit for Thu Jan 22 13:39:27 UTC 2026
Commit for Fri Jan 23 13:36:22 UTC 2026
Commit for Sat Jan 24 13:25:02 UTC 2026
Commit for Sun Jan 25 13:26:49 UTC 2026
Commit for Mon Jan 26 13:37:49 UTC 2026
Commit for Tue Jan 27 13:39:31 UTC 2026
Commit for Wed Jan 28 13:40:54 UTC 2026
Commit for Thu Jan 29 13:52:33 UTC 2026
Commit for Fri Jan 30 13:47:51 UTC 2026
Commit for Sat Jan 31 13:35:25 UTC 2026
Commit for Sun Feb  1 13:36:36 UTC 2026
Commit for Mon Feb  2 13:55:29 UTC 2026
Commit for Tue Feb  3 13:57:26 UTC 2026
Commit for Wed Feb  4 13:55:56 UTC 2026
Commit for Thu Feb  5 13:59:05 UTC 2026
Commit for Fri Feb  6 13:55:01 UTC 2026
Commit for Sat Feb  7 13:37:00 UTC 2026
Commit for Sun Feb  8 13:37:46 UTC 2026
Commit for Mon Feb  9 14:08:19 UTC 2026
Commit for Tue Feb 10 14:16:45 UTC 2026
Commit for Wed Feb 11 14:09:22 UTC 2026
Commit for Thu Feb 12 14:04:31 UTC 2026
Commit for Fri Feb 13 13:55:07 UTC 2026
Commit for Sat Feb 14 13:37:28 UTC 2026
